theme,keyword_count,embedding_count,overlap_count,overlap_pct_kw
compensation,297,150,18,6.0606060606060606
ownership,99,150,8,8.080808080808081
threat,190,150,12,6.315789473684211
transparency,131,150,10,7.633587786259542
utility,189,150,3,1.5873015873015872
